Title Number,Title Name,Title link
Title 1,Here are the best Kindle deals right now,https://www.theverge.com/21539047/best-amazon-kindle-deals
Title 2,Disney is exploring a ‘Disney Prime’ membership program ,https://www.theverge.com/2022/9/1/23332329/disney-prime-membership-program-being-explored
Title 3,Eve gets an Android app and launches a Thread version of its smart switch ,https://www.theverge.com/2022/9/1/23331803/eve-homekit-android-app-smart-light-switch-matter
Title 4,Ring’s latest gadget makes your apartment intercom smart,https://www.theverge.com/2022/9/1/23330456/ring-intercom-smart-doorbell-apartment-price-specs
Title 5,Philips Hue is leveling up with lighting strips for your monitor,https://www.theverge.com/2022/9/1/23330916/signify-philips-hue-play-lightstrips-monitor-gaming-smart-home-ifa-2022
Title 6,Philips Hue’s new Lightguide bulbs have landed,https://www.theverge.com/2022/9/1/23331387/philips-hue-announces-new-lightguide-bulbs-smartthings-music-sync
Title 7,The Sony Xperia 5 IV puts powerful features in all three rear cameras,https://www.theverge.com/2022/9/1/23331266/sony-xperia-5-mark-iv-price-cameras-screen-specs
Title 8,Kobo announces a new waterproof Kobo Clara 2E to compete with the Kindle Paperwhite,https://www.theverge.com/2022/9/1/23331027/kobo-clara-2e-e-reader-waterproof-recycled-plastic
Title 9,Lenovo’s second-gen X1 Fold could be the game-changer the first one wasn’t,https://www.theverge.com/2022/9/1/23331619/lenovo-thinkpad-x1-fold-gen-2-announced-features-specs-price
Title 10,Qualcomm’s server and laptop ambitions may be in trouble,https://www.theverge.com/2022/8/31/23331493/arm-qualcomm-nuvia-lawsuit-architecture-license-servers-desktops
Title 11,Roomster sued by the FTC and six state AGs for fake listings and fake app store reviews,https://www.theverge.com/2022/8/31/23330808/roomster-ftc-lawsuit-app-store-google-play-fake-reviews
Title 12,The iPhone 14 Pro may have one pill-shaped notch when turned on,https://www.theverge.com/2022/8/31/23330952/apple-iphone-14-pro-single-notch-rumor
Title 13,Meta is planning more paid features for Facebook and Instagram,https://www.theverge.com/2022/8/31/23331342/meta-plans-paid-features-facebook-instagram-whatsapp
Title 14,LG’s fancy new shoeboxes pamper your sneakers,https://www.theverge.com/2022/8/31/23330865/lg-styler-shoecase-shoecare-sneaker-shelf-cleaner-ifa
Title 15,How to use iOS’s App Library to organize your apps,https://www.theverge.com/21443994/ios-14-app-library-iphone-organize-how-to
Title 16,The best Labor Day deals happening now,https://www.theverge.com/23330512/best-labor-day-sales-2022-tech-deals-macbook-laptops-earbuds-smart-home-tablets
Title 17,Inside Mark Zuckerberg’s biggest bet,https://www.theverge.com/23331294/mark-zuckerberg-metaverse-bet-facebook-meta-horizons-leaked-audio
Title 18,Samsung’s first OLED gaming monitor doesn’t need a PC or console attached,https://www.theverge.com/2022/8/31/23330877/samsung-oled-gaming-monitor-odyssey-g8-quantum-dot
Title 19,Chinese tech giant buys Detroit: Become Human developer Quantic Dream,https://www.theverge.com/2022/8/31/23330961/chinese-tech-giant-netease-quantic-dream-detroit-become-human-developer
Title 20,"If you have an iPhone 5S or 6, it’s time for a rare iOS update",https://www.theverge.com/2022/8/31/23331104/apple-iphone-5s-6-plus-ios-12-5-6-update-security
Title 21,A South Carolina plan to punish abortion aid sites is going nowhere,https://www.theverge.com/2022/8/31/23327122/south-carolina-rejects-nrlc-model-legislation-abortion-law-internet-ban-speech
Title 22,Etsy sellers are starting a ‘union’ to fight policies they say hurt merchants,https://www.theverge.com/2022/8/31/23330758/etsy-strike-boycott-indie-sellers-guild-union-fee-increase
Title 23,The shift to electric vehicles is about to overwhelm meager US mining operations,https://www.theverge.com/2022/8/31/23330537/ev-battery-mineral-shortage-us-tax-credits
Title 24,T-Mobile will let you try its network free for three months,https://www.theverge.com/2022/8/31/23329133/t-mobile-app-network-pass-easy-switch-esim
Title 25,Get ready for a rare ‘triple-dip’ La Niña,https://www.theverge.com/2022/8/31/23330521/la-nina-rare-triple-dip-world-meteorological-organization-forecast-extreme-weather
