Title Number,Title Name
Title 1,Write
Title 2,Practice
Title 3,Premium
Title 4,Jobs
Title 5,Python program to Remove multiple elements from a List
Title 6,C++ Program to Shutdown & Restart Computer
Title 7,Java Program to Convert Integer Values into Binary
Title 8,"Static Variable, Static Method & Static Block in Java"
Title 9,How to Implement Swipe-to-Refresh to your Android Application using Java
Title 10,Python program to Convert km to miles in Python?
Title 11,C++ Program to find Area & Circumference of Circle
Title 12,C Program to Trim Trailing White Spaces from String
Title 13,Spring Boot - CRUD Operations
Title 14,Python program to Remove None from List
Title 15,Tekion Interview Experience for Associate Software Engineer Intern + FTE
Title 16,Bank of America Interview Experience
Title 17,Wipro Interview Experience
Title 18,Amazon Interview Experience (On-Campus) 2022
Title 19,IBPS Clerk Mains Quantitative Aptitude Question Paper 2020
Title 20,MCQ on Forest and Wildlife in India
Title 21,MCQ on Mughal Era Literature
Title 22,MCQ on Agriculture and Mineral Resources
Title 23,Important Volcanoes of the World
Title 24,Sprinklr Interview Experience (On-Campus) 2022
Title 25,MCQ on Humayun
Title 26,Important Questions on the Mughal Dynasty
Title 27,Most Important Questions on Bahmani Era
Title 28,Important Questions on Babur
Title 29,GK Questions on Health and Nutrition
Title 30,Data Structures & Algorithms- Self Paced Course
Title 31,Complete Interview Preparation- Self Paced Course
Title 32,"Practice Problems, POTD Streak, Weekly Contests & More!"
